{
    "test": {
        "class": {
            "accuracy": [
                0.18592964824120603,
                0.35175879396984927,
                0.457286432160804,
                0.48743718592964824,
                0.49246231155778897,
                0.5025125628140703,
                0.5326633165829145,
                0.5276381909547738,
                0.5527638190954773,
                0.5527638190954773,
                0.542713567839196,
                0.5326633165829145,
                0.542713567839196,
                0.5477386934673367,
                0.5477386934673367,
                0.5477386934673367,
                0.5477386934673367,
                0.5527638190954773,
                0.5477386934673367
            ],
            "hits_at_k": [
                0.37185929648241206,
                0.47738693467336685,
                0.5628140703517588,
                0.6130653266331658,
                0.6231155778894473,
                0.6231155778894473,
                0.6482412060301508,
                0.6482412060301508,
                0.6984924623115578,
                0.6884422110552764,
                0.6834170854271356,
                0.678391959798995,
                0.6884422110552764,
                0.6984924623115578,
                0.6984924623115578,
                0.7085427135678392,
                0.7035175879396985,
                0.7085427135678392,
                0.7135678391959799
            ],
            "loss": [
                3.3178308381507144,
                2.8458292592110945,
                2.38546384878494,
                2.1928758477445824,
                2.246190210083621,
                2.252539246525597,
                2.006149598701515,
                2.116308011002277,
                1.9779114076240578,
                1.9446564870863106,
                2.018995122094849,
                2.035869195832679,
                1.9852174538463803,
                1.9520545844456658,
                1.9469337655072236,
                1.961298343524262,
                1.9692788435586135,
                1.9738040329822943,
                1.9708765691249215
            ]
        },
        "combined": {
            "accuracy": [
                0.18592964824120603,
                0.35175879396984927,
                0.457286432160804,
                0.48743718592964824,
                0.49246231155778897,
                0.5025125628140703,
                0.5326633165829145,
                0.5276381909547738,
                0.5527638190954773,
                0.5527638190954773,
                0.542713567839196,
                0.5326633165829145,
                0.542713567839196,
                0.5477386934673367,
                0.5477386934673367,
                0.5477386934673367,
                0.5477386934673367,
                0.5527638190954773,
                0.5477386934673367
            ],
            "loss": [
                3.3178308381507144,
                2.8458292592110945,
                2.38546384878494,
                2.1928758477445824,
                2.246190210083621,
                2.252539246525597,
                2.006149598701515,
                2.116308011002277,
                1.9779114076240578,
                1.9446564870863106,
                2.018995122094849,
                2.035869195832679,
                1.9852174538463803,
                1.9520545844456658,
                1.9469337655072236,
                1.961298343524262,
                1.9692788435586135,
                1.9738040329822943,
                1.9708765691249215
            ]
        }
    },
    "train": {
        "class": {
            "accuracy": [
                0.2303370786516854,
                0.5941011235955056,
                0.800561797752809,
                0.9002808988764045,
                0.9325842696629213,
                0.9957865168539326,
                1.0,
                1.0,
                1.0,
                1.0,
                1.0,
                1.0,
                1.0,
                1.0,
                1.0,
                1.0,
                1.0,
                1.0,
                1.0
            ],
            "hits_at_k": [
                0.46629213483146065,
                0.7148876404494382,
                0.8946629213483146,
                0.9662921348314607,
                0.9873595505617978,
                0.9985955056179775,
                1.0,
                1.0,
                1.0,
                1.0,
                1.0,
                1.0,
                1.0,
                1.0,
                1.0,
                1.0,
                1.0,
                1.0,
                1.0
            ],
            "loss": [
                2.8518044118131143,
                1.9286613571509887,
                1.091289739930228,
                0.5950661053818264,
                0.3450445686833242,
                0.15406831730617565,
                0.06050989483849386,
                0.02746894671006149,
                0.017320082763607584,
                0.011345252059818654,
                0.00801818667168028,
                0.006401594079444918,
                0.005319434940145256,
                0.004658877221720942,
                0.004123989953083939,
                0.003716748668236679,
                0.0033984327730670403,
                0.0031201247586293166,
                0.0028779408737514794
            ]
        },
        "combined": {
            "accuracy": [
                0.2303370786516854,
                0.5941011235955056,
                0.800561797752809,
                0.9002808988764045,
                0.9325842696629213,
                0.9957865168539326,
                1.0,
                1.0,
                1.0,
                1.0,
                1.0,
                1.0,
                1.0,
                1.0,
                1.0,
                1.0,
                1.0,
                1.0,
                1.0
            ],
            "loss": [
                2.8518044118131143,
                1.9286613571509887,
                1.091289739930228,
                0.5950661053818264,
                0.3450445686833242,
                0.15406831730617565,
                0.06050989483849386,
                0.02746894671006149,
                0.017320082763607584,
                0.011345252059818654,
                0.00801818667168028,
                0.006401594079444918,
                0.005319434940145256,
                0.004658877221720942,
                0.004123989953083939,
                0.003716748668236679,
                0.0033984327730670403,
                0.0031201247586293166,
                0.0028779408737514794
            ]
        }
    },
    "validation": {
        "class": {
            "accuracy": [
                0.20224719101123595,
                0.4157303370786517,
                0.5168539325842697,
                0.5842696629213483,
                0.550561797752809,
                0.5730337078651685,
                0.5617977528089888,
                0.6067415730337079,
                0.6067415730337079,
                0.6067415730337079,
                0.6404494382022472,
                0.6629213483146067,
                0.6404494382022472,
                0.651685393258427,
                0.6404494382022472,
                0.651685393258427,
                0.651685393258427,
                0.6629213483146067,
                0.651685393258427
            ],